"AgencyCd","SiteNo","LithologyID","LithologyDescription","LithologyControlledConcept","lang","uom","LithologyDepthFrom","LithologyDepthFromUnit","LithologyDepthTo","LithologyDepthToUnit"
"WAECY","63730198","WAECY.63730198.LITH.7","sand","unknown","eng","ft","0","feet","135","feet"
"WAECY","63730198","WAECY.63730198.LITH.6","sandy clay - water","unknown","eng","ft","135","feet","160","feet"
"WAECY","63730198","WAECY.63730198.LITH.5","mud","unknown","eng","ft","160","feet","182","feet"
"WAECY","63730198","WAECY.63730198.LITH.4","clay and sand - coarse","unknown","eng","ft","182","feet","221","feet"
"WAECY","63730198","WAECY.63730198.LITH.3","sand - fine","unknown","eng","ft","221","feet","236","feet"
"WAECY","63730198","WAECY.63730198.LITH.2","gravel - loose","unknown","eng","ft","236","feet","244","feet"
"WAECY","63730198","WAECY.63730198.LITH.1","gravel - loose","unknown","eng","ft","244","feet","268","feet"
