AgencyCd,SiteNo,Time,Original Parameter,Original Direction,Original Unit,Original Value,Accuracy Unit,Accuracy Value,Depth to Water Below Land Surface in ft.,Water level in feet relative to NAVD88,Comment,Observation Method,Data Provided by,
WAECY,63730198,2002-04-04T00:00:00-08:00,,,ft,126.35,FT,1,126.35,845,,Groundwater level by electric tape measurement.,WA Dept of Ecology
WAECY,63730198,2003-03-27T00:00:00-08:00,,,ft,126.47,FT,1,126.47,845,,Groundwater level by electric tape measurement.,WA Dept of Ecology
WAECY,63730198,2004-03-19T00:00:00-08:00,,,ft,127.30,FT,1,127.30,844,,Groundwater level by electric tape measurement.,WA Dept of Ecology
WAECY,63730198,2005-03-31T00:00:00-08:00,,,ft,127.63,FT,1,127.63,843,,Groundwater level by electric tape measurement.,WA Dept of Ecology
WAECY,63730198,2006-03-29T00:00:00-08:00,,,ft,128.39,FT,1,128.39,843,,Groundwater level by electric tape measurement.,WA Dept of Ecology
WAECY,63730198,2007-03-27T00:00:00-08:00,,,ft,128.35,FT,1,128.35,843,,Groundwater level by electric tape measurement.,WA Dept of Ecology
WAECY,63730198,2007-10-03T00:00:00-08:00,,,ft,129.85,FT,1,129.85,841,,Groundwater level by electric tape measurement.,WA Dept of Ecology
WAECY,63730198,2008-04-03T00:00:00-08:00,,,ft,129.15,FT,1,129.15,842,,Groundwater level by electric tape measurement.,WA Dept of Ecology
WAECY,63730198,2008-10-15T00:00:00-08:00,,,ft,130.42,FT,1,130.42,841,,Groundwater level by electric tape measurement.,WA Dept of Ecology
WAECY,63730198,2009-03-20T00:00:00-08:00,,,ft,129.60,FT,1,129.60,841,,Groundwater level by electric tape measurement.,WA Dept of Ecology
WAECY,63730198,2009-10-01T00:00:00-08:00,,,ft,131.84,FT,1,131.84,839,,Groundwater level by electric tape measurement.,WA Dept of Ecology
WAECY,63730198,2010-03-24T00:00:00-08:00,,,ft,130.32,FT,1,130.32,841,,Groundwater level by electric tape measurement.,WA Dept of Ecology
WAECY,63730198,2011-04-20T00:00:00-08:00,,,ft,130.40,FT,1,130.40,841,,Groundwater level by electric tape measurement.,WA Dept of Ecology
WAECY,63730198,2012-04-24T00:00:00-08:00,,,ft,130.50,FT,1,130.50,841,,Groundwater level by electric tape measurement.,WA Dept of Ecology
WAECY,63730198,2012-10-30T00:00:00-08:00,,,ft,130.90,FT,1,130.90,840,,Groundwater level by electric tape measurement.,WA Dept of Ecology
WAECY,63730198,2013-04-18T00:00:00-08:00,,,ft,130.00,FT,1,130.00,841,,Groundwater level by electric tape measurement.,WA Dept of Ecology
WAECY,63730198,2014-03-27T00:00:00-08:00,,,ft,129.80,FT,1,129.80,841,,Groundwater level by electric tape measurement.,WA Dept of Ecology
WAECY,63730198,2015-03-13T00:00:00-08:00,,,ft,130.00,FT,1,130.00,841,,Groundwater level by electric tape measurement.,WA Dept of Ecology
WAECY,63730198,2016-03-30T00:00:00-08:00,,,ft,130.20,FT,1,130.20,841,,Groundwater level by electric tape measurement.,WA Dept of Ecology
WAECY,63730198,2016-11-09T00:00:00-08:00,,,ft,130.40,FT,1,130.40,841,,Groundwater level by electric tape measurement.,WA Dept of Ecology
WAECY,63730198,2017-04-11T00:00:00-08:00,,,ft,128.90,FT,1,128.90,842,,Groundwater level by electric tape measurement.,WA Dept of Ecology
WAECY,63730198,2017-11-02T00:00:00-08:00,,,ft,128.10,FT,1,128.10,843,,Groundwater level by electric tape measurement.,WA Dept of Ecology
WAECY,63730198,2021-04-08T00:00:00-08:00,,,ft,123.60,FT,1,123.60,847,,Groundwater level by electric tape measurement.,WA Dept of Ecology
